"module name","license","repository"
"@babel/code-frame@7.8.3","MIT","https://github.com/babel/babel/tree/master/packages/babel-code-frame"
"@babel/helper-validator-identifier@7.9.5","MIT","https://github.com/babel/babel/tree/master/packages/babel-helper-validator-identifier"
"@babel/highlight@7.9.0","MIT","https://github.com/babel/babel/tree/master/packages/babel-highlight"
"@babel/runtime@7.9.2","MIT","https://github.com/babel/babel"
"@nodelib/fs.scandir@2.1.3","MIT","https://github.com/nodelib/nodelib/tree/master/packages/fs/fs.scandir"
"@nodelib/fs.stat@2.0.3","MIT","https://github.com/nodelib/nodelib/tree/master/packages/fs/fs.stat"
"@nodelib/fs.walk@1.2.4","MIT","https://github.com/nodelib/nodelib/tree/master/packages/fs/fs.walk"
"latest-gitignore-cli@1.2.0","MIT","https://github.com/iTonyYo/latest-gitignore-cli"
"@sindresorhus/is@0.14.0","MIT","https://github.com/sindresorhus/is"
"@sindresorhus/is@2.1.1","MIT","https://github.com/sindresorhus/is"
"@snyk/cli-interface@1.5.0","Apache-2.0","https://github.com/snyk/snyk-cli-interface"
"@snyk/cli-interface@2.2.0","Apache-2.0","https://github.com/snyk/snyk-cli-interface"
"@snyk/cli-interface@2.3.0","Apache-2.0","https://github.com/snyk/snyk-cli-interface"
"@snyk/cli-interface@2.4.0","Apache-2.0","https://github.com/snyk/snyk-cli-interface"
"@snyk/cocoapods-lockfile-parser@3.1.0","Apache-2.0","https://github.com/snyk/cocoapods-lockfile-parser"
"@snyk/composer-lockfile-parser@1.2.0","Apache-2.0","https://github.com/snyk/composer-lockfile-parser"
"@snyk/configstore@3.2.0-rc1","BSD-2-Clause","https://github.com/snyk/configstore"
"@snyk/dep-graph@1.16.1","Apache-2.0","https://github.com/snyk/dep-graph"
"@snyk/dep-graph@1.18.1","Apache-2.0","https://github.com/snyk/dep-graph"
"@snyk/gemfile@1.2.0","MIT","https://github.com/snyk/gemfile"
"@snyk/java-call-graph-builder@1.4.0","Apache-2.0","https://github.com/snyk/java-call-graph-builder"
"@snyk/rpm-parser@1.0.2","Apache-2.0","https://github.com/snyk/rpm-parser"
"@snyk/ruby-semver@2.1.2","Apache-2.0","https://github.com/Snyk/ruby-semver"
"@snyk/snyk-cocoapods-plugin@2.1.1","Apache-2.0","https://github.com/snyk/snyk-cocoapods-plugin"
"@snyk/update-notifier@2.5.1-rc2","BSD-2-Clause","https://github.com/snyk/update-notifier"
"@szmarczak/http-timer@1.1.2","MIT","https://github.com/szmarczak/http-timer"
"@szmarczak/http-timer@4.0.5","MIT","https://github.com/szmarczak/http-timer"
"@types/agent-base@4.2.0","MIT","https://github.com/DefinitelyTyped/DefinitelyTyped"
"@types/bunyan@1.8.6","MIT","https://github.com/DefinitelyTyped/DefinitelyTyped"
"@types/cacheable-request@6.0.1","MIT","https://github.com/DefinitelyTyped/DefinitelyTyped"
"@types/color-name@1.1.1","MIT","https://github.com/DefinitelyTyped/DefinitelyTyped"
"@types/debug@4.1.5","MIT","https://github.com/DefinitelyTyped/DefinitelyTyped"
"@types/events@3.0.0","MIT","https://github.com/DefinitelyTyped/DefinitelyTyped"
"@types/http-cache-semantics@4.0.0","MIT","https://github.com/DefinitelyTyped/DefinitelyTyped"
"@types/js-yaml@3.12.3","MIT","https://github.com/DefinitelyTyped/DefinitelyTyped"
"@types/keyv@3.1.1","MIT","https://github.com/DefinitelyTyped/DefinitelyTyped"
"@types/minimist@1.2.0","MIT","https://github.com/DefinitelyTyped/DefinitelyTyped"
"@types/node@13.13.4","MIT","https://github.com/DefinitelyTyped/DefinitelyTyped"
"@types/node@6.14.10","MIT","https://github.com/DefinitelyTyped/DefinitelyTyped"
"@types/node@8.10.59","MIT","https://github.com/DefinitelyTyped/DefinitelyTyped"
"@types/normalize-package-data@2.4.0","MIT","https://github.com/DefinitelyTyped/DefinitelyTyped"
"@types/parse-json@4.0.0","MIT","https://github.com/DefinitelyTyped/DefinitelyTyped"
"@types/responselike@1.0.0","MIT","https://github.com/DefinitelyTyped/DefinitelyTyped"
"@types/restify@4.3.6","MIT","https://github.com/DefinitelyTyped/DefinitelyTyped"
"@types/semver@5.5.0","MIT","https://github.com/DefinitelyTyped/DefinitelyTyped"
"@types/xml2js@0.4.3","MIT","https://github.com/DefinitelyTyped/DefinitelyTyped"
"@yarnpkg/lockfile@1.1.0","BSD-2-Clause","https://github.com/yarnpkg/yarn/blob/master/packages/lockfile"
"abbrev@1.1.1","ISC","https://github.com/isaacs/abbrev-js"
"acorn-jsx@5.2.0","MIT","https://github.com/acornjs/acorn-jsx"
"acorn@7.1.1","MIT","https://github.com/acornjs/acorn"
"agent-base@4.2.1","MIT","https://github.com/TooTallNate/node-agent-base"
"agent-base@4.3.0","MIT","https://github.com/TooTallNate/node-agent-base"
"aggregate-error@3.0.1","MIT","https://github.com/sindresorhus/aggregate-error"
"ajv@6.12.2","MIT","https://github.com/epoberezkin/ajv"
"ansi-align@2.0.0","ISC","https://github.com/nexdrew/ansi-align"
"ansi-align@3.0.0","ISC","https://github.com/nexdrew/ansi-align"
"ansi-escapes@3.2.0","MIT","https://github.com/sindresorhus/ansi-escapes"
"ansi-escapes@4.3.1","MIT","https://github.com/sindresorhus/ansi-escapes"
"ansi-regex@2.1.1","MIT","https://github.com/chalk/ansi-regex"
"ansi-regex@3.0.0","MIT","https://github.com/chalk/ansi-regex"
"ansi-regex@4.1.0","MIT","https://github.com/chalk/ansi-regex"
"ansi-regex@5.0.0","MIT","https://github.com/chalk/ansi-regex"
"ansi-styles@3.2.1","MIT","https://github.com/chalk/ansi-styles"
"ansi-styles@4.2.1","MIT","https://github.com/chalk/ansi-styles"
"ansicolors@0.3.2","MIT","https://github.com/thlorenz/ansicolors"
"any-promise@0.1.0","MIT","https://github.com/kevinbeaty/any-promise"
"archy@1.0.0","MIT","https://github.com/substack/node-archy"
"argparse@1.0.10","MIT","https://github.com/nodeca/argparse"
"arrify@1.0.1","MIT","https://github.com/sindresorhus/arrify"
"arrify@2.0.1","MIT","https://github.com/sindresorhus/arrify"
"asap@2.0.6","MIT","https://github.com/kriskowal/asap"
"ast-types@0.13.3","MIT","https://github.com/benjamn/ast-types"
"astral-regex@1.0.0","MIT","https://github.com/kevva/astral-regex"
"async@1.5.2","MIT","https://github.com/caolan/async"
"balanced-match@1.0.0","MIT","https://github.com/juliangruber/balanced-match"
"base64-js@1.3.1","MIT","https://github.com/beatgammit/base64-js"
"bl@4.0.2","MIT","https://github.com/rvagg/bl"
"boxen@1.3.0","MIT","https://github.com/sindresorhus/boxen"
"boxen@4.2.0","MIT","https://github.com/sindresorhus/boxen"
"brace-expansion@1.1.11","MIT","https://github.com/juliangruber/brace-expansion"
"braces@3.0.2","MIT","https://github.com/micromatch/braces"
"buffer-from@1.1.1","MIT","https://github.com/LinusU/buffer-from"
"buffer@5.6.0","MIT","https://github.com/feross/buffer"
"bytes@3.1.0","MIT","https://github.com/visionmedia/bytes.js"
"cache-manager-fs@1.0.8","ISC","https://github.com/hotelde/node-cache-manager-fs"
"cache-manager@1.5.0","MIT","https://github.com/BryanDonovan/node-cache-manager"
"cache-manager@3.2.1","MIT","https://github.com/BryanDonovan/node-cache-manager"
"cacheable-lookup@4.2.0","MIT","https://github.com/szmarczak/cacheable-lookup"
"cacheable-request@6.1.0","MIT","https://github.com/lukechilds/cacheable-request"
"cacheable-request@7.0.1","MIT","https://github.com/lukechilds/cacheable-request"
"callsites@3.1.0","MIT","https://github.com/sindresorhus/callsites"
"camelcase-keys@6.2.2","MIT","https://github.com/sindresorhus/camelcase-keys"
"camelcase@2.1.1","MIT","https://github.com/sindresorhus/camelcase"
"camelcase@4.1.0","MIT","https://github.com/sindresorhus/camelcase"
"camelcase@5.3.1","MIT","https://github.com/sindresorhus/camelcase"
"capture-stack-trace@1.0.1","MIT","https://github.com/floatdrop/capture-stack-trace"
"chalk@2.4.2","MIT","https://github.com/chalk/chalk"
"chalk@3.0.0","MIT","https://github.com/chalk/chalk"
"chalk@4.0.0","MIT","https://github.com/chalk/chalk"
"chardet@0.7.0","MIT","https://github.com/runk/node-chardet"
"ci-info@1.6.0","MIT","https://github.com/watson/ci-info"
"ci-info@2.0.0","MIT","https://github.com/watson/ci-info"
"clean-stack@2.2.0","MIT","https://github.com/sindresorhus/clean-stack"
"cli-boxes@1.0.0","MIT","https://github.com/sindresorhus/cli-boxes"
"cli-boxes@2.2.0","MIT","https://github.com/sindresorhus/cli-boxes"
"cli-cursor@2.1.0","MIT","https://github.com/sindresorhus/cli-cursor"
"cli-cursor@3.1.0","MIT","https://github.com/sindresorhus/cli-cursor"
"cli-spinner@0.2.10","MIT","https://github.com/helloIAmPau/node-spinner"
"cli-width@2.2.1","ISC","https://github.com/knownasilya/cli-width"
"cliui@3.2.0","ISC","https://github.com/yargs/cliui"
"clone-response@1.0.2","MIT","https://github.com/lukechilds/clone-response"
"co@4.6.0","MIT","https://github.com/tj/co"
"code-point-at@1.1.0","MIT","https://github.com/sindresorhus/code-point-at"
"color-convert@1.9.3","MIT","https://github.com/Qix-/color-convert"
"color-convert@2.0.1","MIT","https://github.com/Qix-/color-convert"
"color-name@1.1.3","MIT","https://github.com/dfcreative/color-name"
"color-name@1.1.4","MIT","https://github.com/colorjs/color-name"
"concat-map@0.0.1","MIT","https://github.com/substack/node-concat-map"
"configstore@5.0.1","BSD-2-Clause","https://github.com/yeoman/configstore"
"core-js@3.6.5","MIT","https://github.com/zloirock/core-js"
"core-util-is@1.0.2","MIT","https://github.com/isaacs/core-util-is"
"cosmiconfig@6.0.0","MIT","https://github.com/davidtheclark/cosmiconfig"
"create-error-class@3.0.2","MIT","https://github.com/floatdrop/create-error-class"
"cross-spawn@5.1.0","MIT","https://github.com/IndigoUnited/node-cross-spawn"
"cross-spawn@6.0.5","MIT","https://github.com/moxystudio/node-cross-spawn"
"crypto-random-string@1.0.0","MIT","https://github.com/sindresorhus/crypto-random-string"
"crypto-random-string@2.0.0","MIT","https://github.com/sindresorhus/crypto-random-string"
"data-uri-to-buffer@1.2.0","MIT","https://github.com/TooTallNate/node-data-uri-to-buffer"
"debug@2.6.9","MIT","https://github.com/visionmedia/debug"
"debug@3.1.0","MIT","https://github.com/visionmedia/debug"
"debug@3.2.6","MIT","https://github.com/visionmedia/debug"
"debug@4.1.1","MIT","https://github.com/visionmedia/debug"
"decamelize-keys@1.1.0","MIT","https://github.com/dsblv/decamelize-keys"
"decamelize@1.2.0","MIT","https://github.com/sindresorhus/decamelize"
"decompress-response@3.3.0","MIT","https://github.com/sindresorhus/decompress-response"
"decompress-response@5.0.0","MIT","https://github.com/sindresorhus/decompress-response"
"deep-extend@0.6.0","MIT","https://github.com/unclechu/node-deep-extend"
"deep-is@0.1.3","MIT","https://github.com/thlorenz/deep-is"
"defer-to-connect@1.1.3","MIT","https://github.com/szmarczak/defer-to-connect"
"defer-to-connect@2.0.0","MIT","https://github.com/szmarczak/defer-to-connect"
"degenerator@1.0.4","MIT","https://github.com/TooTallNate/node-degenerator"
"depd@1.1.2","MIT","https://github.com/dougwilson/nodejs-depd"
"diff@4.0.2","BSD-3-Clause","https://github.com/kpdecker/jsdiff"
"dockerfile-ast@0.0.19","MIT","https://github.com/rcjsuen/dockerfile-ast"
"doctrine@3.0.0","Apache-2.0","https://github.com/eslint/doctrine"
"dot-prop@5.2.0","MIT","https://github.com/sindresorhus/dot-prop"
"dotnet-deps-parser@4.9.0","Apache-2.0","https://github.com/snyk/dotnet-deps-parser"
"duplexer3@0.1.4","BSD-3-Clause","https://github.com/floatdrop/duplexer3"
"email-validator@2.0.4","MIT","https://github.com/manishsaraan/email-validator"
"emoji-regex@7.0.3","MIT","https://github.com/mathiasbynens/emoji-regex"
"emoji-regex@8.0.0","MIT","https://github.com/mathiasbynens/emoji-regex"
"end-of-stream@1.4.4","MIT","https://github.com/mafintosh/end-of-stream"
"error-ex@1.3.2","MIT","https://github.com/qix-/node-error-ex"
"es6-promise@4.2.8","MIT","https://github.com/stefanpenner/es6-promise"
"es6-promisify@5.0.0","MIT","https://github.com/digitaldesignlabs/es6-promisify"
"escape-goat@2.1.1","MIT","https://github.com/sindresorhus/escape-goat"
"escape-string-regexp@1.0.5","MIT","https://github.com/sindresorhus/escape-string-regexp"
"escodegen@1.14.1","BSD-2-Clause","https://github.com/estools/escodegen"
"eslint-scope@5.0.0","BSD-2-Clause","https://github.com/eslint/eslint-scope"
"eslint-utils@1.4.3","MIT","https://github.com/mysticatea/eslint-utils"
"eslint-visitor-keys@1.1.0","Apache-2.0","https://github.com/eslint/eslint-visitor-keys"
"eslint@6.8.0","MIT","https://github.com/eslint/eslint"
"espree@6.2.1","BSD-2-Clause","https://github.com/eslint/espree"
"esprima@3.1.3","BSD-2-Clause","https://github.com/jquery/esprima"
"esprima@4.0.1","BSD-2-Clause","https://github.com/jquery/esprima"
"esquery@1.3.1","BSD-3-Clause","https://github.com/estools/esquery"
"esrecurse@4.2.1","BSD-2-Clause","https://github.com/estools/esrecurse"
"estraverse@4.3.0","BSD-2-Clause","https://github.com/estools/estraverse"
"estraverse@5.1.0","BSD-2-Clause","https://github.com/estools/estraverse"
"esutils@2.0.3","BSD-2-Clause","https://github.com/estools/esutils"
"event-loop-spinner@1.1.0","MIT","https://github.com/snyk/eventloop-spinner"
"execa@0.7.0","MIT","https://github.com/sindresorhus/execa"
"execa@1.0.0","MIT","https://github.com/sindresorhus/execa"
"extend@3.0.2","MIT","https://github.com/justmoon/node-extend"
"external-editor@3.1.0","MIT","https://github.com/mrkmg/node-external-editor"
"fast-deep-equal@3.1.1","MIT","https://github.com/epoberezkin/fast-deep-equal"
"fast-glob@3.2.2","MIT","https://github.com/mrmlnc/fast-glob"
"fast-json-stable-stringify@2.1.0","MIT","https://github.com/epoberezkin/fast-json-stable-stringify"
"fast-levenshtein@2.0.6","MIT","https://github.com/hiddentao/fast-levenshtein"
"fastq@1.7.0","ISC","https://github.com/mcollina/fastq"
"figures@2.0.0","MIT","https://github.com/sindresorhus/figures"
"figures@3.2.0","MIT","https://github.com/sindresorhus/figures"
"file-entry-cache@5.0.1","MIT","https://github.com/royriojas/file-entry-cache"
"file-uri-to-path@1.0.0","MIT","https://github.com/TooTallNate/file-uri-to-path"
"fill-range@7.0.1","MIT","https://github.com/jonschlinkert/fill-range"
"find-up@4.1.0","MIT","https://github.com/sindresorhus/find-up"
"flat-cache@2.0.1","MIT","https://github.com/royriojas/flat-cache"
"flatted@2.0.2","ISC","https://github.com/WebReflection/flatted"
"fs-constants@1.0.0","MIT","https://github.com/mafintosh/fs-constants"
"fs-promise@0.3.1","MIT","https://github.com/kevinbeaty/fs-promise"
"fs.realpath@1.0.0","ISC","https://github.com/isaacs/fs.realpath"
"ftp@0.3.10","MIT","https://github.com/mscdex/node-ftp"
"functional-red-black-tree@1.0.1","MIT","https://github.com/mikolalysenko/functional-red-black-tree"
"get-stream@3.0.0","MIT","https://github.com/sindresorhus/get-stream"
"get-stream@4.1.0","MIT","https://github.com/sindresorhus/get-stream"
"get-stream@5.1.0","MIT","https://github.com/sindresorhus/get-stream"
"get-uri@2.0.4","MIT","https://github.com/TooTallNate/node-get-uri"
"git-up@4.0.1","MIT","https://github.com/IonicaBizau/git-up"
"git-url-parse@11.1.2","MIT","https://github.com/IonicaBizau/git-url-parse"
"glob-parent@5.1.1","ISC","https://github.com/gulpjs/glob-parent"
"glob@7.1.6","ISC","https://github.com/isaacs/node-glob"
"global-dirs@0.1.1","MIT","https://github.com/sindresorhus/global-dirs"
"global-dirs@2.0.1","MIT","https://github.com/sindresorhus/global-dirs"
"globals@12.4.0","MIT","https://github.com/sindresorhus/globals"
"got@11.0.2","MIT","https://github.com/sindresorhus/got"
"got@6.7.1","MIT","https://github.com/sindresorhus/got"
"got@9.6.0","MIT","https://github.com/sindresorhus/got"
"graceful-fs@4.2.3","ISC","https://github.com/isaacs/node-graceful-fs"
"graphlib@2.1.8","MIT","https://github.com/dagrejs/graphlib"
"hard-rejection@2.1.0","MIT","https://github.com/sindresorhus/hard-rejection"
"has-ext@1.0.1","MIT","https://github.com/torrottum/has-ext"
"has-flag@3.0.0","MIT","https://github.com/sindresorhus/has-flag"
"has-flag@4.0.0","MIT","https://github.com/sindresorhus/has-flag"
"has-yarn@2.1.0","MIT","https://github.com/sindresorhus/has-yarn"
"hosted-git-info@2.8.8","ISC","https://github.com/npm/hosted-git-info"
"http-cache-semantics@4.1.0","BSD-2-Clause","https://github.com/kornelski/http-cache-semantics"
"http-errors@1.7.3","MIT","https://github.com/jshttp/http-errors"
"http-proxy-agent@2.1.0","MIT","https://github.com/TooTallNate/node-http-proxy-agent"
"http2-wrapper@1.0.0-beta.4.4","MIT","https://github.com/szmarczak/http2-wrapper"
"https-proxy-agent@3.0.1","MIT","https://github.com/TooTallNate/node-https-proxy-agent"
"iconv-lite@0.4.24","MIT","https://github.com/ashtuchkin/iconv-lite"
"ieee754@1.1.13","BSD-3-Clause","https://github.com/feross/ieee754"
"ignore@4.0.6","MIT","https://github.com/kaelzhang/node-ignore"
"immediate@3.0.6","MIT","https://github.com/calvinmetcalf/immediate"
"import-fresh@3.2.1","MIT","https://github.com/sindresorhus/import-fresh"
"import-lazy@2.1.0","MIT","https://github.com/sindresorhus/import-lazy"
"imurmurhash@0.1.4","MIT","https://github.com/jensyt/imurmurhash-js"
"indent-string@4.0.0","MIT","https://github.com/sindresorhus/indent-string"
"inflight@1.0.6","ISC","https://github.com/npm/inflight"
"inherits@2.0.4","ISC","https://github.com/isaacs/inherits"
"ini@1.3.5","ISC","https://github.com/isaacs/ini"
"inquirer@6.5.2","MIT","https://github.com/SBoudrias/Inquirer.js"
"inquirer@7.1.0","MIT","https://github.com/SBoudrias/Inquirer.js"
"invert-kv@1.0.0","MIT","https://github.com/sindresorhus/invert-kv"
"ip@1.1.5","MIT","https://github.com/indutny/node-ip"
"is-arrayish@0.2.1","MIT","https://github.com/qix-/node-is-arrayish"
"is-ci@1.2.1","MIT","https://github.com/watson/is-ci"
"is-ci@2.0.0","MIT","https://github.com/watson/is-ci"
"is-docker@2.0.0","MIT","https://github.com/sindresorhus/is-docker"
"is-extglob@2.1.1","MIT","https://github.com/jonschlinkert/is-extglob"
"is-fullwidth-code-point@1.0.0","MIT","https://github.com/sindresorhus/is-fullwidth-code-point"
"is-fullwidth-code-point@2.0.0","MIT","https://github.com/sindresorhus/is-fullwidth-code-point"
"is-fullwidth-code-point@3.0.0","MIT","https://github.com/sindresorhus/is-fullwidth-code-point"
"is-glob@4.0.1","MIT","https://github.com/micromatch/is-glob"
"is-installed-globally@0.1.0","MIT","https://github.com/sindresorhus/is-installed-globally"
"is-installed-globally@0.3.2","MIT","https://github.com/sindresorhus/is-installed-globally"
"is-npm@1.0.0","MIT","https://github.com/sindresorhus/is-npm"
"is-npm@4.0.0","MIT","https://github.com/sindresorhus/is-npm"
"is-number@7.0.0","MIT","https://github.com/jonschlinkert/is-number"
"is-obj@2.0.0","MIT","https://github.com/sindresorhus/is-obj"
"is-path-inside@1.0.1","MIT","https://github.com/sindresorhus/is-path-inside"
"is-path-inside@3.0.2","MIT","https://github.com/sindresorhus/is-path-inside"
"is-plain-obj@1.1.0","MIT","https://github.com/sindresorhus/is-plain-obj"
"is-port-reachable@2.0.1","MIT","https://github.com/sindresorhus/is-port-reachable"
"is-reachable@4.0.0","MIT","https://github.com/sindresorhus/is-reachable"
"is-redirect@1.0.0","MIT","https://github.com/sindresorhus/is-redirect"
"is-retry-allowed@1.2.0","MIT","https://github.com/floatdrop/is-retry-allowed"
"is-ssh@1.3.1","MIT","https://github.com/IonicaBizau/node-is-ssh"
"is-stream@1.1.0","MIT","https://github.com/sindresorhus/is-stream"
"is-typedarray@1.0.0","MIT","https://github.com/hughsk/is-typedarray"
"is-wsl@2.1.1","MIT","https://github.com/sindresorhus/is-wsl"
"is-yarn-global@0.3.0","MIT","https://github.com/LitoMore/is-yarn-global"
"isarray@0.0.1","MIT","https://github.com/juliangruber/isarray"
"isarray@1.0.0","MIT","https://github.com/juliangruber/isarray"
"isexe@2.0.0","ISC","https://github.com/isaacs/isexe"
"js-tokens@4.0.0","MIT","https://github.com/lydell/js-tokens"
"js-yaml@3.13.1","MIT","https://github.com/nodeca/js-yaml"
"json-buffer@3.0.0","MIT","https://github.com/dominictarr/json-buffer"
"json-buffer@3.0.1","MIT","https://github.com/dominictarr/json-buffer"
"json-parse-better-errors@1.0.2","MIT","https://github.com/zkat/json-parse-better-errors"
"json-schema-traverse@0.4.1","MIT","https://github.com/epoberezkin/json-schema-traverse"
"json-stable-stringify-without-jsonify@1.0.1","MIT","https://github.com/samn/json-stable-stringify"
"jszip@3.4.0","(MIT OR GPL-3.0)","https://github.com/Stuk/jszip"
"keyv@3.1.0","MIT","https://github.com/lukechilds/keyv"
"keyv@4.0.0","MIT","https://github.com/lukechilds/keyv"
"latest-version@3.1.0","MIT","https://github.com/sindresorhus/latest-version"
"latest-version@5.1.0","MIT","https://github.com/sindresorhus/latest-version"
"lcid@1.0.0","MIT","https://github.com/sindresorhus/lcid"
"levn@0.3.0","MIT","https://github.com/gkz/levn"
"lie@3.3.0","MIT","https://github.com/calvinmetcalf/lie"
"lines-and-columns@1.1.6","MIT","https://github.com/eventualbuddha/lines-and-columns"
"locate-path@5.0.0","MIT","https://github.com/sindresorhus/locate-path"
"lodash.assign@4.2.0","MIT","https://github.com/lodash/lodash"
"lodash.assignin@4.2.0","MIT","https://github.com/lodash/lodash"
"lodash.clone@4.5.0","MIT","https://github.com/lodash/lodash"
"lodash.clonedeep@4.5.0","MIT","https://github.com/lodash/lodash"
"lodash.filter@4.6.0","MIT","https://github.com/lodash/lodash"
"lodash.flatten@4.4.0","MIT","https://github.com/lodash/lodash"
"lodash.get@4.4.2","MIT","https://github.com/lodash/lodash"
"lodash.set@4.3.2","MIT","https://github.com/lodash/lodash"
"lodash@4.17.15","MIT","https://github.com/lodash/lodash"
"lowercase-keys@1.0.1","MIT","https://github.com/sindresorhus/lowercase-keys"
"lowercase-keys@2.0.0","MIT","https://github.com/sindresorhus/lowercase-keys"
"lru-cache@4.0.0","ISC","https://github.com/isaacs/node-lru-cache"
"lru-cache@4.1.5","ISC","https://github.com/isaacs/node-lru-cache"
"lru-cache@5.1.1","ISC","https://github.com/isaacs/node-lru-cache"
"macos-release@2.3.0","MIT","https://github.com/sindresorhus/macos-release"
"make-dir@1.3.0","MIT","https://github.com/sindresorhus/make-dir"
"make-dir@3.1.0","MIT","https://github.com/sindresorhus/make-dir"
"map-obj@1.0.1","MIT","https://github.com/sindresorhus/map-obj"
"map-obj@4.1.0","MIT","https://github.com/sindresorhus/map-obj"
"meow@6.1.0","MIT","https://github.com/sindresorhus/meow"
"merge2@1.3.0","MIT","https://github.com/teambition/merge2"
"micromatch@4.0.2","MIT","https://github.com/micromatch/micromatch"
"mimic-fn@1.2.0","MIT","https://github.com/sindresorhus/mimic-fn"
"mimic-fn@2.1.0","MIT","https://github.com/sindresorhus/mimic-fn"
"mimic-response@1.0.1","MIT","https://github.com/sindresorhus/mimic-response"
"mimic-response@2.1.0","MIT","https://github.com/sindresorhus/mimic-response"
"min-indent@1.0.0","MIT","https://github.com/thejameskyle/min-indent"
"minimatch@3.0.4","ISC","https://github.com/isaacs/minimatch"
"minimist-options@4.0.2","MIT","https://github.com/vadimdemedes/minimist-options"
"minimist@1.2.5","MIT","https://github.com/substack/minimist"
"mkdirp@0.5.5","MIT","https://github.com/substack/node-mkdirp"
"ms@2.0.0","MIT","https://github.com/zeit/ms"
"ms@2.1.2","MIT","https://github.com/zeit/ms"
"mute-stream@0.0.7","ISC","https://github.com/isaacs/mute-stream"
"mute-stream@0.0.8","ISC","https://github.com/isaacs/mute-stream"
"natural-compare@1.4.0","MIT","https://github.com/litejs/natural-compare-lite"
"nconf@0.10.0","MIT","https://github.com/flatiron/nconf"
"needle@2.4.1","MIT","https://github.com/tomas/needle"
"netmask@1.0.6","MIT","https://github.com/rs/node-netmask"
"nice-try@1.0.5","MIT","https://github.com/electerious/nice-try"
"normalize-package-data@2.5.0","BSD-2-Clause","https://github.com/npm/normalize-package-data"
"normalize-url@3.3.0","MIT","https://github.com/sindresorhus/normalize-url"
"normalize-url@4.5.0","MIT","https://github.com/sindresorhus/normalize-url"
"npm-run-path@2.0.2","MIT","https://github.com/sindresorhus/npm-run-path"
"number-is-nan@1.0.1","MIT","https://github.com/sindresorhus/number-is-nan"
"object-hash@1.3.1","MIT","https://github.com/puleos/object-hash"
"once@1.4.0","ISC","https://github.com/isaacs/once"
"onetime@2.0.1","MIT","https://github.com/sindresorhus/onetime"
"onetime@5.1.0","MIT","https://github.com/sindresorhus/onetime"
"open@7.0.3","MIT","https://github.com/sindresorhus/open"
"optionator@0.8.3","MIT","https://github.com/gkz/optionator"
"os-locale@1.4.0","MIT","https://github.com/sindresorhus/os-locale"
"os-name@3.1.0","MIT","https://github.com/sindresorhus/os-name"
"os-tmpdir@1.0.2","MIT","https://github.com/sindresorhus/os-tmpdir"
"p-any@2.1.0","MIT","https://github.com/sindresorhus/p-any"
"p-cancelable@1.1.0","MIT","https://github.com/sindresorhus/p-cancelable"
"p-cancelable@2.0.0","MIT","https://github.com/sindresorhus/p-cancelable"
"p-finally@1.0.0","MIT","https://github.com/sindresorhus/p-finally"
"p-limit@2.3.0","MIT","https://github.com/sindresorhus/p-limit"
"p-locate@4.1.0","MIT","https://github.com/sindresorhus/p-locate"
"p-map@2.1.0","MIT","https://github.com/sindresorhus/p-map"
"p-map@4.0.0","MIT","https://github.com/sindresorhus/p-map"
"p-some@4.1.0","MIT","https://github.com/sindresorhus/p-some"
"p-timeout@3.2.0","MIT","https://github.com/sindresorhus/p-timeout"
"p-try@2.2.0","MIT","https://github.com/sindresorhus/p-try"
"pac-proxy-agent@3.0.1","MIT","https://github.com/TooTallNate/node-pac-proxy-agent"
"pac-resolver@3.0.0","MIT","https://github.com/TooTallNate/node-pac-resolver"
"package-json@4.0.1","MIT","https://github.com/sindresorhus/package-json"
"package-json@6.5.0","MIT","https://github.com/sindresorhus/package-json"
"pako@1.0.11","(MIT AND Zlib)","https://github.com/nodeca/pako"
"parent-module@1.0.1","MIT","https://github.com/sindresorhus/parent-module"
"parse-json@5.0.0","MIT","https://github.com/sindresorhus/parse-json"
"parse-path@4.0.1","MIT","https://github.com/IonicaBizau/parse-path"
"parse-url@5.0.1","MIT","https://github.com/IonicaBizau/parse-url"
"path-exists@4.0.0","MIT","https://github.com/sindresorhus/path-exists"
"path-is-absolute@1.0.1","MIT","https://github.com/sindresorhus/path-is-absolute"
"path-is-inside@1.0.2","(WTFPL OR MIT)","https://github.com/domenic/path-is-inside"
"path-key@2.0.1","MIT","https://github.com/sindresorhus/path-key"
"path-parse@1.0.6","MIT","https://github.com/jbgutierrez/path-parse"
"path-type@4.0.0","MIT","https://github.com/sindresorhus/path-type"
"picomatch@2.2.2","MIT","https://github.com/micromatch/picomatch"
"pify@3.0.0","MIT","https://github.com/sindresorhus/pify"
"prelude-ls@1.1.2","MIT","https://github.com/gkz/prelude-ls"
"prepend-http@1.0.4","MIT","https://github.com/sindresorhus/prepend-http"
"prepend-http@2.0.0","MIT","https://github.com/sindresorhus/prepend-http"
"prepend-http@3.0.1","MIT","https://github.com/sindresorhus/prepend-http"
"process-nextick-args@2.0.1","MIT","https://github.com/calvinmetcalf/process-nextick-args"
"progress@2.0.3","MIT","https://github.com/visionmedia/node-progress"
"promise@7.3.1","MIT","https://github.com/then/promise"
"protocols@1.4.7","MIT","https://github.com/IonicaBizau/protocols"
"proxy-agent@3.1.1","MIT","https://github.com/TooTallNate/node-proxy-agent"
"proxy-from-env@1.1.0","MIT","https://github.com/Rob--W/proxy-from-env"
"pseudomap@1.0.2","ISC","https://github.com/isaacs/pseudomap"
"pump@3.0.0","MIT","https://github.com/mafintosh/pump"
"punycode@2.1.1","MIT","https://github.com/bestiejs/punycode.js"
"pupa@2.0.1","MIT","https://github.com/sindresorhus/pupa"
"querystringify@2.1.1","MIT","https://github.com/unshiftio/querystringify"
"quick-lru@4.0.1","MIT","https://github.com/sindresorhus/quick-lru"
"quick-lru@5.1.0","MIT","https://github.com/sindresorhus/quick-lru"
"raw-body@2.4.1","MIT","https://github.com/stream-utils/raw-body"
"rc@1.2.8","(BSD-2-Clause OR MIT OR Apache-2.0)","https://github.com/dominictarr/rc"
"read-pkg-up@7.0.1","MIT","https://github.com/sindresorhus/read-pkg-up"
"read-pkg@5.2.0","MIT","https://github.com/sindresorhus/read-pkg"
"readable-stream@1.1.14","MIT","https://github.com/isaacs/readable-stream"
"readable-stream@2.3.7","MIT","https://github.com/nodejs/readable-stream"
"readable-stream@3.6.0","MIT","https://github.com/nodejs/readable-stream"
"redent@3.0.0","MIT","https://github.com/sindresorhus/redent"
"regenerator-runtime@0.13.5","MIT","https://github.com/facebook/regenerator/tree/master/packages/regenerator-runtime"
"regexpp@2.0.1","MIT","https://github.com/mysticatea/regexpp"
"registry-auth-token@3.4.0","MIT","https://github.com/rexxars/registry-auth-token"
"registry-auth-token@4.1.1","MIT","https://github.com/rexxars/registry-auth-token"
"registry-url@3.1.0","MIT","https://github.com/sindresorhus/registry-url"
"registry-url@5.1.0","MIT","https://github.com/sindresorhus/registry-url"
"requires-port@1.0.0","MIT","https://github.com/unshiftio/requires-port"
"resolve-alpn@1.0.0","MIT","https://github.com/szmarczak/resolve-alpn"
"resolve-from@4.0.0","MIT","https://github.com/sindresorhus/resolve-from"
"resolve@1.17.0","MIT","https://github.com/browserify/resolve"
"responselike@1.0.2","MIT","https://github.com/lukechilds/responselike"
"responselike@2.0.0","MIT","https://github.com/lukechilds/responselike"
"restore-cursor@2.0.0","MIT","https://github.com/sindresorhus/restore-cursor"
"restore-cursor@3.1.0","MIT","https://github.com/sindresorhus/restore-cursor"
"reusify@1.0.4","MIT","https://github.com/mcollina/reusify"
"rimraf@2.6.3","ISC","https://github.com/isaacs/rimraf"
"rimraf@2.7.1","ISC","https://github.com/isaacs/rimraf"
"router-ips@1.0.0","MIT","https://github.com/sindresorhus/router-ips"
"run-async@2.4.1","MIT","https://github.com/SBoudrias/run-async"
"run-parallel@1.1.9","MIT","https://github.com/feross/run-parallel"
"rxjs@6.5.5","Apache-2.0","https://github.com/reactivex/rxjs"
"safe-buffer@5.1.2","MIT","https://github.com/feross/safe-buffer"
"safe-buffer@5.2.0","MIT","https://github.com/feross/safe-buffer"
"safer-buffer@2.1.2","MIT","https://github.com/ChALkeR/safer-buffer"
"sax@1.2.4","ISC","https://github.com/isaacs/sax-js"
"secure-keys@1.0.0","MIT",""
"semver-diff@2.1.0","MIT","https://github.com/sindresorhus/semver-diff"
"semver-diff@3.1.1","MIT","https://github.com/sindresorhus/semver-diff"
"semver@5.7.1","ISC","https://github.com/npm/node-semver"
"semver@6.3.0","ISC","https://github.com/npm/node-semver"
"set-immediate-shim@1.0.1","MIT","https://github.com/sindresorhus/set-immediate-shim"
"setprototypeof@1.1.1","ISC","https://github.com/wesleytodd/setprototypeof"
"shebang-command@1.2.0","MIT","https://github.com/kevva/shebang-command"
"shebang-regex@1.0.0","MIT","https://github.com/sindresorhus/shebang-regex"
"signal-exit@3.0.3","ISC","https://github.com/tapjs/signal-exit"
"slice-ansi@2.1.0","MIT","https://github.com/chalk/slice-ansi"
"smart-buffer@4.1.0","MIT","https://github.com/JoshGlazebrook/smart-buffer"
"snyk-config@2.2.3","Apache-2.0","https://github.com/snyk/config"
"snyk-config@3.0.0","Apache-2.0","https://github.com/snyk/config"
"snyk-docker-plugin@2.10.0","Apache-2.0","https://github.com/snyk/snyk-docker-plugin"
"snyk-go-parser@1.4.0","Apache-2.0","https://github.com/snyk/snyk-go-parser"
"snyk-go-plugin@1.13.0","Apache-2.0","https://github.com/snyk/snyk-go-plugin"
"snyk-gradle-plugin@3.2.5","Apache-2.0","https://github.com/snyk/snyk-gradle-plugin"
"snyk-module@1.9.1","Apache-2.0","https://github.com/snyk/module"
"snyk-mvn-plugin@2.10.0","Apache-2.0","https://github.com/snyk/snyk-mvn-plugin"
"snyk-nodejs-lockfile-parser@1.21.0","Apache-2.0","https://github.com/snyk/nodejs-lockfile-parser"
"snyk-nuget-plugin@1.16.0","Apache-2.0","https://github.com/snyk/snyk-nuget-plugin"
"snyk-paket-parser@1.5.0","Apache-2.0","https://github.com/snyk/snyk-paket-parser"
"snyk-php-plugin@1.7.0","Apache-2.0","https://github.com/snyk/snyk-php-plugin"
"snyk-policy@1.13.5","Apache-2.0","https://github.com/snyk/policy"
"snyk-python-plugin@1.17.0","Apache-2.0","https://github.com/snyk/snyk-python-plugin"
"snyk-resolve-deps@4.4.0","Apache-2.0","https://github.com/Snyk/resolve-deps"
"snyk-resolve@1.0.1","Apache-2.0","https://github.com/Snyk/resolve-package"
"snyk-sbt-plugin@2.11.0","Apache-2.0","https://github.com/snyk/snyk-sbt-plugin"
"snyk-tree@1.0.0","Apache-2.0","https://github.com/Snyk/tree"
"snyk-try-require@1.3.1","Apache-2.0","https://github.com/Snyk/try-require"
"snyk@1.313.0","Apache-2.0","https://github.com/snyk/snyk"
"socks-proxy-agent@4.0.2","MIT","https://github.com/TooTallNate/node-socks-proxy-agent"
"socks@2.3.3","MIT","https://github.com/JoshGlazebrook/socks"
"source-map-support@0.5.19","MIT","https://github.com/evanw/node-source-map-support"
"source-map@0.6.1","BSD-3-Clause","https://github.com/mozilla/source-map"
"spdx-correct@3.1.0","Apache-2.0","https://github.com/jslicense/spdx-correct.js"
"spdx-exceptions@2.3.0","CC-BY-3.0","https://github.com/kemitchell/spdx-exceptions.json"
"spdx-expression-parse@3.0.0","MIT","https://github.com/jslicense/spdx-expression-parse.js"
"spdx-license-ids@3.0.5","CC0-1.0","https://github.com/shinnn/spdx-license-ids"
"sprintf-js@1.0.3","BSD-3-Clause","https://github.com/alexei/sprintf.js"
"statuses@1.5.0","MIT","https://github.com/jshttp/statuses"
"string-width@1.0.2","MIT","https://github.com/sindresorhus/string-width"
"string-width@2.1.1","MIT","https://github.com/sindresorhus/string-width"
"string-width@3.1.0","MIT","https://github.com/sindresorhus/string-width"
"string-width@4.2.0","MIT","https://github.com/sindresorhus/string-width"
"string_decoder@0.10.31","MIT","https://github.com/rvagg/string_decoder"
"string_decoder@1.1.1","MIT","https://github.com/nodejs/string_decoder"
"string_decoder@1.3.0","MIT","https://github.com/nodejs/string_decoder"
"strip-ansi@3.0.1","MIT","https://github.com/chalk/strip-ansi"
"strip-ansi@4.0.0","MIT","https://github.com/chalk/strip-ansi"
"strip-ansi@5.2.0","MIT","https://github.com/chalk/strip-ansi"
"strip-ansi@6.0.0","MIT","https://github.com/chalk/strip-ansi"
"strip-eof@1.0.0","MIT","https://github.com/sindresorhus/strip-eof"
"strip-indent@3.0.0","MIT","https://github.com/sindresorhus/strip-indent"
"strip-json-comments@2.0.1","MIT","https://github.com/sindresorhus/strip-json-comments"
"strip-json-comments@3.1.0","MIT","https://github.com/sindresorhus/strip-json-comments"
"supports-color@5.5.0","MIT","https://github.com/chalk/supports-color"
"supports-color@7.1.0","MIT","https://github.com/chalk/supports-color"
"table@5.4.6","BSD-3-Clause","https://github.com/gajus/table"
"tar-stream@2.1.2","MIT","https://github.com/mafintosh/tar-stream"
"temp-dir@1.0.0","MIT","https://github.com/sindresorhus/temp-dir"
"temp-dir@2.0.0","MIT","https://github.com/sindresorhus/temp-dir"
"tempfile@2.0.0","MIT","https://github.com/sindresorhus/tempfile"
"term-size@1.2.0","MIT","https://github.com/sindresorhus/term-size"
"term-size@2.2.0","MIT","https://github.com/sindresorhus/term-size"
"text-table@0.2.0","MIT","https://github.com/substack/text-table"
"then-fs@2.0.0","MIT","https://github.com/then/fs"
"through@2.3.8","MIT","https://github.com/dominictarr/through"
"thunkify@2.1.2","MIT","https://github.com/visionmedia/node-thunkify"
"timed-out@4.0.1","MIT","https://github.com/floatdrop/timed-out"
"tmp@0.0.33","MIT","https://github.com/raszi/node-tmp"
"tmp@0.1.0","MIT","https://github.com/raszi/node-tmp"
"to-readable-stream@1.0.0","MIT","https://github.com/sindresorhus/to-readable-stream"
"to-regex-range@5.0.1","MIT","https://github.com/micromatch/to-regex-range"
"toidentifier@1.0.0","MIT","https://github.com/component/toidentifier"
"toml@3.0.0","MIT","https://github.com/BinaryMuse/toml-node"
"tree-kill@1.2.2","MIT","https://github.com/pkrumins/node-tree-kill"
"trim-newlines@3.0.0","MIT","https://github.com/sindresorhus/trim-newlines"
"tslib@1.11.0","Apache-2.0","https://github.com/Microsoft/tslib"
"tslib@1.11.1","Apache-2.0","https://github.com/Microsoft/tslib"
"tslib@1.9.3","Apache-2.0","https://github.com/Microsoft/tslib"
"type-check@0.3.2","MIT","https://github.com/gkz/type-check"
"type-fest@0.11.0","(MIT OR CC0-1.0)","https://github.com/sindresorhus/type-fest"
"type-fest@0.3.1","(MIT OR CC0-1.0)","https://github.com/sindresorhus/type-fest"
"type-fest@0.6.0","(MIT OR CC0-1.0)","https://github.com/sindresorhus/type-fest"
"type-fest@0.8.1","(MIT OR CC0-1.0)","https://github.com/sindresorhus/type-fest"
"typedarray-to-buffer@3.1.5","MIT","https://github.com/feross/typedarray-to-buffer"
"typescript@3.8.3","Apache-2.0","https://github.com/Microsoft/TypeScript"
"unique-string@1.0.0","MIT","https://github.com/sindresorhus/unique-string"
"unique-string@2.0.0","MIT","https://github.com/sindresorhus/unique-string"
"unpipe@1.0.0","MIT","https://github.com/stream-utils/unpipe"
"unzip-response@2.0.1","MIT","https://github.com/sindresorhus/unzip-response"
"update-notifier@4.1.0","BSD-2-Clause","https://github.com/yeoman/update-notifier"
"uri-js@4.2.2","BSD-2-Clause","https://github.com/garycourt/uri-js"
"url-parse-lax@1.0.0","MIT","https://github.com/sindresorhus/url-parse-lax"
"url-parse-lax@3.0.0","MIT","https://github.com/sindresorhus/url-parse-lax"
"url-parse@1.4.7","MIT","https://github.com/unshiftio/url-parse"
"util-deprecate@1.0.2","MIT","https://github.com/TooTallNate/util-deprecate"
"uuid@2.0.3","MIT","https://github.com/defunctzombie/node-uuid"
"uuid@3.4.0","MIT","https://github.com/uuidjs/uuid"
"v8-compile-cache@2.1.0","MIT","https://github.com/zertosh/v8-compile-cache"
"validate-npm-package-license@3.0.4","Apache-2.0","https://github.com/kemitchell/validate-npm-package-license.js"
"vscode-languageserver-types@3.15.1","MIT","https://github.com/Microsoft/vscode-languageserver-node"
"which@1.3.1","ISC","https://github.com/isaacs/node-which"
"widest-line@2.0.1","MIT","https://github.com/sindresorhus/widest-line"
"widest-line@3.1.0","MIT","https://github.com/sindresorhus/widest-line"
"window-size@0.1.4","MIT","https://github.com/jonschlinkert/window-size"
"windows-release@3.3.0","MIT","https://github.com/sindresorhus/windows-release"
"word-wrap@1.2.3","MIT","https://github.com/jonschlinkert/word-wrap"
"wrap-ansi@2.1.0","MIT","https://github.com/chalk/wrap-ansi"
"wrap-ansi@5.1.0","MIT","https://github.com/chalk/wrap-ansi"
"wrappy@1.0.2","ISC","https://github.com/npm/wrappy"
"write-file-atomic@2.4.3","ISC","https://github.com/iarna/write-file-atomic"
"write-file-atomic@3.0.3","ISC","https://github.com/npm/write-file-atomic"
"write@1.0.3","MIT","https://github.com/jonschlinkert/write"
"xdg-basedir@3.0.0","MIT","https://github.com/sindresorhus/xdg-basedir"
"xdg-basedir@4.0.0","MIT","https://github.com/sindresorhus/xdg-basedir"
"xml2js@0.4.19","MIT","https://github.com/Leonidas-from-XIV/node-xml2js"
"xml2js@0.4.23","MIT","https://github.com/Leonidas-from-XIV/node-xml2js"
"xmlbuilder@11.0.1","MIT","https://github.com/oozcitak/xmlbuilder-js"
"xmlbuilder@9.0.7","MIT","https://github.com/oozcitak/xmlbuilder-js"
"xregexp@2.0.0","MIT","https://github.com/slevithan/XRegExp"
"y18n@3.2.1","ISC","https://github.com/yargs/y18n"
"yallist@2.1.2","ISC","https://github.com/isaacs/yallist"
"yallist@3.1.1","ISC","https://github.com/isaacs/yallist"
"yaml@1.9.2","ISC","https://github.com/eemeli/yaml"
"yargs-parser@18.1.3","ISC","https://github.com/yargs/yargs-parser"
"yargs@3.32.0","MIT","https://github.com/bcoe/yargs"
